,Label
1,failure
2,failure
3,success
4,success
5,failure
6,failure
8,failure
9,failure
10,failure
11,success
12,failure
13,success
14,failure
15,failure
16,success
17,failure
18,success
19,failure
20,success
21,failure
22,failure
23,failure
24,success
25,failure
26,success
27,failure
28,failure
30,failure
31,failure
32,failure
33,failure
34,failure
35,success
36,success
38,failure
39,failure
40,failure
41,success
42,failure
43,failure
44,failure
45,failure
46,failure
47,failure
48,failure
49,success
50,failure
51,success
52,failure
53,failure
54,success
55,failure
56,failure
57,failure
58,failure
59,failure
60,failure
61,success
62,failure
63,failure
64,failure
65,failure
66,failure
67,failure
68,failure
69,failure
70,failure
71,success
72,success
75,failure
76,failure
77,success
78,success
79,failure
80,success
81,failure
82,success
83,success
84,failure
85,failure
86,success
87,failure
88,failure
89,failure
90,success
91,success
92,success
93,failure
94,success
95,failure
98,failure
99,success
100,failure
101,success
102,success
103,failure
104,success
107,failure
108,success
109,failure
110,success
111,success
112,failure
113,success
116,failure
117,failure
118,failure
119,success
120,success
121,failure
122,success
123,failure
124,failure
125,failure
126,success
127,success
128,failure
129,success
130,failure
131,failure
132,success
133,failure
134,failure
135,success
136,failure
137,success
138,failure
139,failure
140,success
141,failure
142,failure
143,failure
144,success
145,failure
146,failure
147,success
148,failure
149,failure
150,failure
151,failure
152,failure
153,failure
154,success
155,failure
156,failure
157,success
158,failure
159,failure
160,success
161,failure
162,failure
163,failure
164,success
165,success
166,failure
167,failure
168,success
169,success
170,success
171,failure
172,failure
173,failure
174,failure
175,success
176,success
177,failure
178,success
179,failure
180,success
181,failure
182,failure
183,success
184,success
185,failure
186,failure
187,success
188,success
189,failure
190,failure
191,success
192,failure
193,failure
194,success
195,success
196,failure
197,failure
198,success
199,success
200,failure
201,failure
202,success
203,success
204,success
205,success
206,failure
207,failure
208,success
209,success
210,failure
211,success
212,success
213,failure
214,failure
215,success
216,success
217,success
218,failure
219,failure
220,failure
221,failure
222,failure
223,failure
224,success
225,failure
226,failure
227,success
228,failure
229,failure
230,failure
231,failure
232,success
233,failure
234,failure
235,failure
236,success
237,success
238,success
239,failure
240,failure
241,success
242,failure
243,failure
244,failure
245,success
246,failure
247,failure
248,failure
249,failure
250,success
251,success
252,success
253,failure
254,success
255,failure
256,failure
257,failure
258,failure
259,failure
260,failure
261,success
262,failure
263,success
264,success
265,failure
266,failure
267,failure
268,failure
269,success
270,success
271,failure
272,failure
273,success
274,failure
275,failure
276,failure
277,failure
278,success
279,success
280,success
281,success
282,failure
283,failure
284,success
285,failure
286,success
287,failure
288,failure
289,success
290,success
291,failure
292,success
293,success
294,failure
295,success
296,failure
297,success
298,success
299,success
300,failure
301,failure
302,failure
303,success
304,success
305,failure
306,failure
307,failure
308,failure
309,success
310,success
311,failure
312,failure
313,success
314,success
315,failure
316,failure
317,failure
318,failure
319,success
320,failure
321,failure
322,success
323,success
324,failure
325,success
326,success
327,failure
328,failure
329,success
330,failure
331,failure
332,success
333,success
334,success
335,success
336,failure
337,success
338,success
339,success
340,success
341,failure
342,success
343,failure
344,failure
345,success
346,failure
347,failure
348,success
349,success
350,failure
351,failure
352,failure
353,failure
354,success
355,success
356,failure
357,success
358,failure
359,success
360,failure
361,failure
362,failure
363,failure
364,failure
365,failure
366,failure
367,failure
368,success
369,failure
370,success
371,success
372,failure
373,success
374,success
375,failure
376,success
377,failure
378,success
379,success
380,failure
381,failure
382,failure
383,success
384,failure
385,success
386,success
387,success
388,failure
389,success
390,success
391,success
392,success
393,failure
394,success
395,success
396,success
397,failure
398,failure
399,success
400,failure
401,failure
402,success
403,failure
404,failure
405,failure
406,failure
407,failure
408,failure
409,success
410,success
411,success
412,failure
413,success
414,failure
415,failure
416,failure
417,failure
418,success
419,failure
420,failure
421,failure
422,success
423,success
424,failure
425,failure
426,failure
427,success
428,failure
429,failure
430,failure
431,failure
432,failure
433,success
434,success
435,success
436,success
437,failure
438,failure
439,failure
440,failure
441,failure
442,success
443,failure
444,success
445,success
446,failure
447,failure
448,success
449,success
450,failure
451,success
452,failure
453,success
454,failure
455,failure
456,failure
457,failure
458,failure
459,failure
460,success
461,failure
462,failure
463,success
464,success
465,success
466,success
467,failure
468,success
469,failure
470,success
471,failure
472,failure
473,failure
474,failure
475,success
476,success
477,failure
478,failure
479,failure
480,success
481,success
482,failure
483,failure
484,failure
485,failure
486,failure
487,success
488,success
489,failure
490,success
491,failure
492,success
493,failure
494,failure
495,failure
496,failure
497,failure
498,failure
499,failure
500,success
501,failure
502,success
503,failure
504,failure
505,failure
506,failure
507,failure
508,failure
509,success
510,failure
511,success
512,failure
513,success
